Item Link,Title,New Price,Old Price,Availability
https://brickseek.com/walmart-inventory-checker/?sku=132343186,Woodwick Wax Melt 3 Oz. - Vanilla Bean,$2.10,N/A,In Stock
https://brickseek.com/walmart-inventory-checker/?sku=35091844,The Lord of the Rings: Theatrical Versions: 3-Film Collection (Blu-ray),$5.96,N/A,In Stock
https://brickseek.com/walmart-inventory-checker/?sku=867197599,"Zebra Pen Mildliner, double-ended highlighter set, 15-pack",$14.64,$16.98,In Stock
https://brickseek.com/walmart-inventory-checker/?sku=49866859,"Great Value Dust Broom & Pan, Red",$4.53,$5.48,In Stock
https://brickseek.com/walmart-inventory-checker/?sku=550487623,Realtree Edge Camo Duck Tape Brand 1.88 in x 15 yd Duct Tape,$3.88,$4.97,In Stock
https://brickseek.com/walmart-inventory-checker/?sku=391835195,SNAX THE SLOTH,$15.00,$20.92,In Stock
https://brickseek.com/walmart-inventory-checker/?sku=16618684,"Coca-Cola Original Soda Pop, 2 Liter Bottle",$1.48,$1.74,In Stock
https://brickseek.com/walmart-inventory-checker/?sku=44391528,"Daily's Strawberry Daiquiri Pouch Frozen Cocktail, 10 fl oz",$1.98,N/A,In Stock
https://brickseek.com/walmart-inventory-checker/?sku=700580926,Wonder Nation Panda Bear Backpack with Lunch Bag,$9.00,N/A,In Stock
https://brickseek.com/walmart-inventory-checker/?sku=650286015,MVL X MEN LEGENDS AST,$6.86,N/A,In Stock
https://brickseek.com/walmart-inventory-checker/?sku=278659300,"Curver Tondo 11 Gallon Plastic Step Trash Can, Stainless Steel Look Wastebasket",$17.16,$25.24,Limited Stock
https://brickseek.com/walmart-inventory-checker/?sku=474382688,Hyper Tough 3-Pack Polarized Plug to Grounded White Indoor Plastic Adapter,$1.98,N/A,Limited Stock
https://brickseek.com/walmart-inventory-checker/?sku=646649427,LEGO Star Wars AT-ST Raider 75254 Building Set (540 Pieces),$30.00,$40.00,In Stock
https://brickseek.com/walmart-inventory-checker/?sku=871365428,As Seen On Tv True Touch 2 Sided Deshedding Glove For Pet Hair,$11.00,N/A,In Stock
https://brickseek.com/walmart-inventory-checker/?sku=946303615,"Gi Joe Operation Blackout, GameMill, Nintendo Switch, 856131008176",$17.93,$19.93,In Stock
https://brickseek.com/walmart-inventory-checker/?sku=553395115,George Crewneck Mens Short Sleeve T-Shirt,$1.00,N/A,Limited Stock
https://brickseek.com/walmart-inventory-checker/?sku=525862109,"LEGO Harry Potter Hogwarts Astronomy Tower 75969 Cool Kids' Magic Castle Gift, Building Toy with Minifigures (971 Pieces)",$80.00,$99.95,In Stock
https://brickseek.com/walmart-inventory-checker/?sku=359971935,Avengers: Infinity War (Blu-ray),$7.96,$19.96,Limited Stock
https://brickseek.com/walmart-inventory-checker/?sku=499822624,"Super Street the Game, GS2 GAMES, PlayStation 4, Physical",$7.88,$9.88,In Stock
https://brickseek.com/walmart-inventory-checker/?sku=616127322,Arctic Air Tower Pure,$54.00,$69.92,In Stock
https://brickseek.com/walmart-inventory-checker/?sku=346668253,"PAC-MAN 12-IN-1 Legacy Edition, ARCADE 1UP",$248.00,$315.00,In Stock
https://brickseek.com/walmart-inventory-checker/?sku=665876299,Mainstays 14.2 Gallon/54 Liter Stainless Steel Semi Round Kitchen Garbage Can with Lid,$20.00,$29.00,In Stock
https://brickseek.com/walmart-inventory-checker/?sku=913948327,Yankee Candle Sugared Cinnamon Apple - Original Large Jar Scented Candle,$10.00,$16.88,In Stock
https://brickseek.com/walmart-inventory-checker/?sku=147369792,Yankee Candle Warm Luxe Cashmere - Original Large Jar Scented Candle,$10.00,$16.88,In Stock
https://brickseek.com/walmart-inventory-checker/?sku=248528865,"onn. 10.1"" Tablet, 32GB Storage, 2GB RAM, Android 11 Go, 2GHz Quad-Core Processor, LCD Display, Dual-band Wi-Fi",$79.00,$89.00,In Stock
https://brickseek.com/walmart-inventory-checker/?sku=10309829,"Dulcolax Laxative Suppositories (4 Ct) Fast, Reliable Relief",$3.94,N/A,In Stock
https://brickseek.com/walmart-inventory-checker/?sku=751844797,"KISS i-ENVY 3D Collection Extreme False Eyelashes, Style 40 - Intense Bold",$0.39,N/A,In Stock
https://brickseek.com/walmart-inventory-checker/?sku=108208974,Canon PIXMA MG2522 Wired All-in-One Color Inkjet Printer,$29.00,$34.88,In Stock
https://brickseek.com/walmart-inventory-checker/?sku=11047625,"Great Value Vanilla Flavored Ice Cream Sandwiches, 42 oz, 12 Count",$1.97,$2.56,In Stock
https://brickseek.com/walmart-inventory-checker/?sku=10452477,"Great Value Finely Shredded Sharp Cheddar Cheese, 16 oz",$2.77,N/A,In Stock
https://brickseek.com/walmart-inventory-checker/?sku=383646443,"Beef Choice Angus Petite Filet Mignon, 0.22 - 1.5 lb",$19.31,N/A,In Stock
https://brickseek.com/walmart-inventory-checker/?sku=21368021,"Great Value Pure Vanilla Extract, 1 fl oz",$2.31,$2.32,In Stock
https://brickseek.com/walmart-inventory-checker/?sku=600104275,Yankee Candle Vanilla Cupcake - Original Large Jar Scented Candle,$10.00,$16.88,In Stock
https://brickseek.com/walmart-inventory-checker/?sku=799616335,"Emeril Lagasse Air Fryer Elite Home, 5 Quarts - Stainless Steel",$30.00,$39.00,In Stock
https://brickseek.com/walmart-inventory-checker/?sku=10448590,"Great Value Graham 9"" Pie Crust, 6 oz",$0.93,N/A,In Stock
https://brickseek.com/walmart-inventory-checker/?sku=432520440,"Great Value Pecan Halves, 8 oz",$4.73,N/A,In Stock
https://brickseek.com/walmart-inventory-checker/?sku=12444636,"Equate Polyethylene Glycol 3350 Unflavored Powder for Solution, 8.3 Oz.",$4.32,N/A,In Stock
https://brickseek.com/walmart-inventory-checker/?sku=572895654,Yankee Candle Apple Pumpkin - Large 2-Wick Tumbler Candle,$8.00,N/A,In Stock
https://brickseek.com/walmart-inventory-checker/?sku=920341794,Fujifilm Instax Mini 7+ Camera Bundle - Light Pink,$48.00,N/A,In Stock
https://brickseek.com/walmart-inventory-checker/?sku=452310445,Yankee Candle Balsam & Cedar - Original Large Jar Scented Candle,$10.00,$16.88,In Stock
https://brickseek.com/walmart-inventory-checker/?sku=914991518,Yankee Candle Kitchen Spice - Original Large Jar Scented Candle,$10.00,$16.88,In Stock
https://brickseek.com/walmart-inventory-checker/?sku=14707408,"Stack-On GCB-8RTA Steel 8-Gun Ready to Assemble Security Cabinet, Black",$119.00,$165.00,Limited Stock
https://brickseek.com/walmart-inventory-checker/?sku=685836827,"Need for Speed Hot Pursuit Remastered, Electronic Arts, Xbox One",$16.93,$19.93,Limited Stock
https://brickseek.com/walmart-inventory-checker/?sku=411289637,"L.A. COLORS Glows Color Craze Nail Polish, Orange, 0.44 Fl. Oz.",$0.19,$1.98,In Stock
https://brickseek.com/walmart-inventory-checker/?sku=110866898,"Life is Strange: True Colors, Square Enix, PlayStation 4, [Physical], 662248925028",$39.82,$49.94,Limited Stock
https://brickseek.com/walmart-inventory-checker/?sku=382394597,Yankee Candle Pink Sands - Original Large Jar Scented Candle,$10.00,$16.88,In Stock
https://brickseek.com/walmart-inventory-checker/?sku=726721703,Yankee Candle Midsummer's Night - Original Large Jar Scented Candle,$10.00,$16.88,In Stock
https://brickseek.com/walmart-inventory-checker/?sku=673176535,"Pilot G2 Retractable Gel Pens, Extra Fine Pt, Black Ink, 5 Pk, 673176535",$1.80,$5.62,In Stock
https://brickseek.com/walmart-inventory-checker/?sku=901976281,"Kent 26 In. Seachange Women's Bike, Blue",$128.00,$168.00,In Stock
https://brickseek.com/walmart-inventory-checker/?sku=108900976,"Mainstays Battery-Operated Indoor 20-Count LED Mini Photo Clip Lights, with Built-in Timer, 4.5 Volts",$4.97,N/A,In Stock
https://brickseek.com/walmart-inventory-checker/?sku=346659890,"eos Super Soft Shea Lip Balm Stick & Sphere - Pineapple Passionfruit and Coconut Milk , Moisuturzing Shea Butter for Chapped Lips , 0.39 oz, 2 count",$4.96,N/A,In Stock
https://brickseek.com/walmart-inventory-checker/?sku=540112739,KitchenAid 7 Cup Food Processor - KFP0710,$64.00,N/A,In Stock
https://brickseek.com/walmart-inventory-checker/?sku=708633470,Zack Snyder's Justice League (DVD),$7.96,$17.96,In Stock
https://brickseek.com/walmart-inventory-checker/?sku=470959377,imPRESS Halloween Press-on Manicure Nails - Haunted,$0.69,N/A,Limited Stock
https://brickseek.com/walmart-inventory-checker/?sku=739276537,Finding Nemo / Finding Dory: 2-Movie Collection (DVD),$12.96,N/A,In Stock
https://brickseek.com/walmart-inventory-checker/?sku=49967011,The Daniel Craig Collection (DVD),$5.96,$12.96,In Stock
https://brickseek.com/walmart-inventory-checker/?sku=17235796,"Mucinex Fast-Max Maximum Strength Severe Congestion & Cough, Multi-Symptom Relief, Cough Suppressant, Expectorant, Nasal Decongestant, 6 FL OZ",$10.46,N/A,In Stock
https://brickseek.com/walmart-inventory-checker/?sku=413674229,Zack Snyder's Justice League (Blu-ray),$9.96,N/A,In Stock
https://brickseek.com/walmart-inventory-checker/?sku=460113736,Star Wars: Episode VI: Return of the Jedi (Blu-ray),$7.96,N/A,Limited Stock
https://brickseek.com/walmart-inventory-checker/?sku=285812150,"Mainstays 4 Cube TV Console for TVs Up to 59"", True Black Oak",$30.00,$79.00,In Stock
https://brickseek.com/walmart-inventory-checker/?sku=327621569,"onn. 8"" Kids Tablet, Pink, 32GB Storage, 2GB RAM, Android 11 Go, 2GHz Quad-Core Processor, LCD Display, Dual-band Wi-Fi",$59.00,N/A,In Stock
https://brickseek.com/walmart-inventory-checker/?sku=273074454,"onn. 8"" Kids Tablet, Blue, 32GB Storage, 2GB RAM, Android 11 Go, 2GHz Quad-Core Processor, LCD Display, Dual-band Wi-Fi",$59.00,N/A,In Stock
https://brickseek.com/walmart-inventory-checker/?sku=457297150,"Shark Pro Swivel Pet Upright Vacuum with Self-cleaning Brushroll, CU50WM",$99.00,N/A,In Stock
https://brickseek.com/walmart-inventory-checker/?sku=10452768,"L'Oreal Paris Studio Line Clean Strong Hold Hair Gel, 6.8 oz",$3.46,N/A,In Stock
https://brickseek.com/walmart-inventory-checker/?sku=172196409,"Great Value Tomato Ketchup, 32 oz",$0.90,N/A,In Stock
https://brickseek.com/walmart-inventory-checker/?sku=576710187,"Shark EZ Robot Vacuum with Self-Empty Base, Bagless, Works with Google Assistant, White (RV913S)",$288.00,N/A,In Stock
https://brickseek.com/walmart-inventory-checker/?sku=979395096,Zack Snyder's Justice League (4K Ultra HD + Blu-ray),$9.96,$29.96,In Stock
https://brickseek.com/walmart-inventory-checker/?sku=218018958,"Barbie Dreamhouse (3.75-Ft) Dollhouse W Ith Pool, Slide, Elevator, Lights & Sounds, New For 2021",$179.00,$199.00,In Stock
https://brickseek.com/walmart-inventory-checker/?sku=189673221,Guardians of the Galaxy (Blu-ray),$7.96,N/A,In Stock
https://brickseek.com/walmart-inventory-checker/?sku=588131663,"Skullcandy Jib True XT 2 True Wireless Earbuds, Bluetooth v5.2, 33 Hours of Battery, Tile™, IPX4 Water Resistance, Black",$19.00,N/A,In Stock
https://brickseek.com/walmart-inventory-checker/?sku=164329959,NETGEAR Nighthawk Dual-Band WiFi 6 AX1500 Mesh System 1.5 Gbps Router + 2 Satellites (MK6W-100NAS),$149.00,$249.00,In Stock
https://brickseek.com/walmart-inventory-checker/?sku=837296761,"Thyme & Table Wood Board & Silicone Baking Set, 20-Pieces",$30.00,N/A,In Stock
https://brickseek.com/walmart-inventory-checker/?sku=806285278,"Arlo Essential Spotlight Wireless Security Camera - 3 Pack - 1080p Video Color Night Vision, White VMC2330W",$199.00,$349.00,In Stock
https://brickseek.com/walmart-inventory-checker/?sku=936481722,"Shark® Pet Plus Cordless Stick Vacuum with Self Cleaning Brushroll and PowerFins Technology, WZ140",$159.00,N/A,In Stock
https://brickseek.com/walmart-inventory-checker/?sku=567888022,Fujifilm Instax Mini 7+ Camera Bundle- Light Blue,$48.00,$69.00,In Stock
https://brickseek.com/walmart-inventory-checker/?sku=919035034,Mandalorian Boys Underwear. 5 Pack Briefs (Little Boys & Big Boys),$5.50,N/A,In Stock
https://brickseek.com/walmart-inventory-checker/?sku=165267166,"Eclipse Kenley Solid Color Blackout Rod Pocket Single Curtain Panel, Espresso Brown, 52 x 84",$8.00,N/A,Limited Stock
https://brickseek.com/walmart-inventory-checker/?sku=567888022,Fujifilm Instax Mini 7+ Camera Bundle- Light Blue,$48.00,$69.00,In Stock
https://brickseek.com/walmart-inventory-checker/?sku=387794631,"BrellaShade Pop Up Windshield Umbrella by Sharper Image - Blocks UV Rays, Keeps Cars Cooler & Protects Car Interior",$11.00,N/A,In Stock
https://brickseek.com/walmart-inventory-checker/?sku=714442446,"Better Homes and Gardens 5/8"" Diameter Satin Nickel Add-on Rod, 44 - 120"" Expandable Width",$2.49,N/A,In Stock
https://brickseek.com/walmart-inventory-checker/?sku=212621166,"Raptic Shield for Samsung A51, Iridescent",$5.00,N/A,Limited Stock
https://brickseek.com/walmart-inventory-checker/?sku=932837601,Disney Stitch Pineapple Floral All over Print Backpack,$2.00,N/A,Limited Stock
https://brickseek.com/walmart-inventory-checker/?sku=16561393,"V.I.P. GE Receptacle with Safety Shutters Outlet, White",$4.14,N/A,In Stock
https://brickseek.com/walmart-inventory-checker/?sku=23591051,"Arrid XX Extra Extra Dry Solid Antiperspirant Deodorant, Ultra Fresh, 2.6 oz.",$1.36,N/A,In Stock
https://brickseek.com/walmart-inventory-checker/?sku=664383229,"Pen+Gear Magnetic Dry Erase Board, Black, 17"" x 23""",$4.00,N/A,In Stock
https://brickseek.com/walmart-inventory-checker/?sku=44662573,"Great Value Ground Black Pepper, 3 oz",$2.36,N/A,In Stock
https://brickseek.com/walmart-inventory-checker/?sku=17619799,"Celestial Seasonings Sleepytime Sinus Soother Herbal Wellness Tea, 20 Ct Tea Bags",$2.80,N/A,In Stock
https://brickseek.com/walmart-inventory-checker/?sku=185158834,"Atkins Gluten Free Protein-Rich Shake, Chocolate Banana, Keto Friendly, 4 Count",$4.98,N/A,In Stock
https://brickseek.com/walmart-inventory-checker/?sku=322449320,"Way to Celebrate Halloween Family Pajamas Women's and Women's Plus, Women's 2 Piece set",$1.00,N/A,Limited Stock
https://brickseek.com/walmart-inventory-checker/?sku=594095888,"Whalen Xavier 3-in-1 TV Stand for TVs up to 70"", with 3 Display Options for Flat Screens, Black with Silver Accents",$139.00,N/A,In Stock
https://brickseek.com/walmart-inventory-checker/?sku=976037372,"Mainstays, Shaped Pumpkin Decorative Pillow, 7.5"" x 11.5"", Ivory, 1 Piece",$1.29,N/A,In Stock
https://brickseek.com/walmart-inventory-checker/?sku=14264848,"Equate soft dual action power toothbrush for deep cleaning, 1 count",$2.10,N/A,In Stock
https://brickseek.com/walmart-inventory-checker/?sku=750346485,"Frozen Girls 4-8 Panties, 7 Pack",$5.50,N/A,In Stock
https://brickseek.com/walmart-inventory-checker/?sku=10315918,"Great Value Sugar Free Syrup, 24 fl Oz",$1.33,N/A,In Stock
https://brickseek.com/walmart-inventory-checker/?sku=793359026,onn. Wireless Charging Pad with LED Night Light,$5.00,N/A,In Stock
https://brickseek.com/walmart-inventory-checker/?sku=666447980,"Wilson A500 11.5"" Infield Baseball Glove, Right-hand Throw",$40.00,N/A,In Stock
https://brickseek.com/walmart-inventory-checker/?sku=592294472,"Alba Botanica Very Emollient Honey Mango Bath & Shower Gel, 12 Oz.",$2.10,$6.99,In Stock
https://brickseek.com/walmart-inventory-checker/?sku=799616335,"Emeril Lagasse Air Fryer Elite Home, 5 Quarts - Stainless Steel",$39.00,N/A,In Stock
https://brickseek.com/walmart-inventory-checker/?sku=51259038,"Beef Choice Angus Ribeye Steak Thin, 0.43 - 1.68 lb",$17.07,N/A,In Stock
https://brickseek.com/walmart-inventory-checker/?sku=24099773,"Hanes Women's Cool Comfort Crew Socks, 10-Pair Value Pack",$7.00,N/A,In Stock
https://brickseek.com/walmart-inventory-checker/?sku=44390944,"Roma Tomatoes, each",$0.29,N/A,In Stock
https://brickseek.com/walmart-inventory-checker/?sku=115950368,"Merkury Innovations Smart Symphony RGBW Strip Lights, 16ft, Sound-Sync",$18.88,N/A,In Stock
https://brickseek.com/walmart-inventory-checker/?sku=421506949,"Sky Organics Cruelty-Free 100% Biodegradable Cotton Rounds, 100 ct.",$2.48,N/A,In Stock
https://brickseek.com/walmart-inventory-checker/?sku=46008054,"Red Cross Toothache Medication, 0.125 fl oz Bottle",$4.96,N/A,In Stock
https://brickseek.com/walmart-inventory-checker/?sku=407622081,"Paw Patrol Toddler Girls Sleep Pajamas, 2-Piece, Sizes 2T-5T",$1.00,N/A,In Stock
https://brickseek.com/walmart-inventory-checker/?sku=601384092,"Minnie Girls' 4-6 Dots Panties, 7 Pack",$5.50,N/A,Limited Stock
https://brickseek.com/walmart-inventory-checker/?sku=48572005,"JASON Organic Smoothing Unrefined Coconut Oil, 15 fl. oz.",$5.28,N/A,In Stock
https://brickseek.com/walmart-inventory-checker/?sku=918374372,STANLEY 6 Piece Stainless Steel Camping Mess Kits,$11.00,N/A,In Stock
https://brickseek.com/walmart-inventory-checker/?sku=520191741,"SHARPER IMAGE Thunder Tumbler Toy RC Car for Kids, Remote Control Monster Spinning Stunt Mini Truck for Girls and Boys, Racing Flips and Tricks with 5th Wheel, 27 MHz Blue",$9.97,N/A,Limited Stock
https://brickseek.com/walmart-inventory-checker/?sku=704214651,"L.O.L. Surprise! Girls' 4-8 Panties, 7 Pack",$5.50,N/A,In Stock
https://brickseek.com/walmart-inventory-checker/?sku=43711099,"Great Value Yellow Mustard, 20 oz Squeeze Bottle",$0.46,N/A,In Stock
https://brickseek.com/walmart-inventory-checker/?sku=934955207,"Little Live Pets - Sparkle Pets Boutique | Interactive Toy Pets Including a Light Up Bird, Fish in Tank, Mum & Baby Turtles. For Kids Ages 4+",$29.00,$34.00,In Stock
https://brickseek.com/walmart-inventory-checker/?sku=34541159,"Duck Professional Rubber Electrical Tape, 0.75 in. x 66 ft., Black",$2.42,N/A,In Stock
https://brickseek.com/walmart-inventory-checker/?sku=801463563,Yankee Candle Salted Caramel - Original Large Jar Scented Candle,$10.00,N/A,In Stock
https://brickseek.com/walmart-inventory-checker/?sku=821482000,Hyper Tough 6 Outlet 6ft Surge 900-Joule Protection with Glossy Black,$10.54,$12.38,In Stock
https://brickseek.com/walmart-inventory-checker/?sku=347050908,Hyper Tough 6 Outlet 6ft Surge 900-Joule Protection with Glossy White,$10.54,$12.38,In Stock
https://brickseek.com/walmart-inventory-checker/?sku=657129800,Tim Burton's the Nightmare Before Christmas [With Audio CD] (Paperback),$0.62,N/A,In Stock
https://brickseek.com/walmart-inventory-checker/?sku=4404150,Goodyear Wrangler Radial All-Season P235/75R15 105S Tire,$61.00,$74.00,In Stock
https://brickseek.com/walmart-inventory-checker/?sku=175560877,Star Wars: Squadrons - Xbox One,$16.93,$19.93,In Stock
https://brickseek.com/walmart-inventory-checker/?sku=920952665,"Hanes Men's Stretch White Crew T-Shirt Undershirts, 3 Pack",$5.00,$13.98,In Stock
https://brickseek.com/walmart-inventory-checker/?sku=34581895,"Hanes Women's Cool Comfort No Show Socks, 10-Pair Value Pack",$7.00,N/A,In Stock
https://brickseek.com/walmart-inventory-checker/?sku=20682737,"Aunt Martha's 18"" x 24"" Days of the Week Hot Iron Transfers, 1 Each",$0.97,N/A,In Stock
https://brickseek.com/walmart-inventory-checker/?sku=329102320,As Seen On Tv Vanity Planet Face And Body Ice Roller,$10.86,$14.88,Limited Stock
https://brickseek.com/walmart-inventory-checker/?sku=188399542,"b.tan Just Act Natural Self Tan Mousse, 6.7 fl oz",$2.69,N/A,In Stock
https://brickseek.com/walmart-inventory-checker/?sku=36618466,"Sara Lee Sweet Hawaiian Rolls, No High Fructose Corn Syrup, 12 Rolls, 15 Ounce Bag",$1.88,N/A,In Stock
https://brickseek.com/walmart-inventory-checker/?sku=49909691,"Cheetos Crunchy Flamin Hot Limon Cheese Snacks, 8.5 oz",$2.50,N/A,In Stock
https://brickseek.com/walmart-inventory-checker/?sku=10450116,"Great Value 1% Low Fat Milk, Gallon, 128 fl oz",$2.39,$2.68,In Stock
https://brickseek.com/walmart-inventory-checker/?sku=10294441,"Eight O'Clock The Original Medium Roast Whole Bean Coffee, 36 Oz, Bag",$10.66,$12.98,In Stock
https://brickseek.com/walmart-inventory-checker/?sku=10315481,"Great Value Butter Flavored Syrup, 24 fl oz",$1.33,N/A,In Stock
https://brickseek.com/walmart-inventory-checker/?sku=10450338,"Great Value Half & Half, 32 fl oz",$1.60,$2.24,In Stock
https://brickseek.com/walmart-inventory-checker/?sku=10450119,"Great Value 2% Reduced Fat Milk, Half Gallon, 64 fl oz",$1.48,$1.61,In Stock
https://brickseek.com/walmart-inventory-checker/?sku=13893738,"Marketside Fresh Spinach, 10 oz",$1.54,$2.28,In Stock
https://brickseek.com/walmart-inventory-checker/?sku=10452477,"Great Value Finely Shredded Sharp Cheddar Cheese, 16 oz",$2.77,$4.22,In Stock
https://brickseek.com/walmart-inventory-checker/?sku=17619683,"International Delight Caramel Macchiato Coffee Creamer, 32 fl oz",$2.64,N/A,In Stock
https://brickseek.com/walmart-inventory-checker/?sku=10449160,"PAM Original Cooking Spray, Canola Oil Nonstick Cooking & Baking Spray, 8 oz",$3.44,$3.78,In Stock
https://brickseek.com/walmart-inventory-checker/?sku=12335111,"Great Value All Natural Sour Cream, 16 oz Tub",$1.00,$1.74,In Stock
https://brickseek.com/walmart-inventory-checker/?sku=10452423,"Great Value Singles American Pasteurized Prepared Cheese Product, 24 count, 16 oz",$1.58,$3.48,In Stock
https://brickseek.com/walmart-inventory-checker/?sku=10450997,"Great Value Distilled White Vinegar, 32 fl oz",$0.70,$0.80,In Stock
https://brickseek.com/walmart-inventory-checker/?sku=764659276,"Great Value Fruit & Grain Bars, Variety Pack, 41.6 oz, 32 Count",$5.38,$6.96,In Stock
https://brickseek.com/walmart-inventory-checker/?sku=21905233,"Great Value Vanilla Wafers, 11oz",$1.34,$1.64,In Stock
https://brickseek.com/walmart-inventory-checker/?sku=44390944,"Roma Tomatoes, each",$0.28,$0.35,In Stock
https://brickseek.com/walmart-inventory-checker/?sku=569529368,"Aspercreme 4% Lidocaine (2.5 Oz), No Mess Applicator",$8.11,$8.12,In Stock
https://brickseek.com/walmart-inventory-checker/?sku=10416005,"Great Value 100% Juice Cranberry Blend, 64 fl oz",$2.27,$2.28,In Stock
https://brickseek.com/walmart-inventory-checker/?sku=596361614,"Protege Pilot Case 18"" Softside Carry-on Luggage, Black",$10.00,N/A,In Stock
https://brickseek.com/walmart-inventory-checker/?sku=297726908,"GiftPOP™ Holiday Popcorn Tin, Merry Christmas Design, Assorted Popcorn Flavors, 22 Ounces",$1.00,N/A,In Stock
https://brickseek.com/walmart-inventory-checker/?sku=715555373,Time and Tru Women's Puffer Coat with Hood,$5.00,N/A,Limited Stock
https://brickseek.com/walmart-inventory-checker/?sku=688177781,Cra-Z-Art Palmer Acrylic Paint Pouring Art Activity Kit - Rainbow Twist,$10.00,N/A,Limited Stock
https://brickseek.com/walmart-inventory-checker/?sku=319265700,Hyper Tough 20 Gallon Injection Molded Trash Can - Black - TI0057,$9.74,$11.98,In Stock
https://brickseek.com/walmart-inventory-checker/?sku=564989487,Hyper Tough 10FT 16AWG 3 Prong Black Outdoor Single Outlet Extension Cord,$6.73,$7.40,In Stock
https://brickseek.com/walmart-inventory-checker/?sku=34729731,"Gator Clamp-On Aluminum Oxide 1/4 Sandpaper Sheets, 100-Grit, 6-Pack, 5032-30",$1.47,N/A,In Stock
https://brickseek.com/walmart-inventory-checker/?sku=20551360,"Crystal Geyser Alpine Spring Water, 1 Gal",$1.00,N/A,In Stock
https://brickseek.com/walmart-inventory-checker/?sku=15718133,"Eight O'Clock 100% Colombian Peaks Medium Roast Whole Bean Coffee, 33 Oz, Bag",$10.66,N/A,In Stock
https://brickseek.com/walmart-inventory-checker/?sku=49909699,"Cheetos Crunchy Cheddar Jalapeno Cheese Snacks, 8.5 oz",$2.50,N/A,In Stock
https://brickseek.com/walmart-inventory-checker/?sku=10790822,"Fritos Original Flavor Bean Dip, 9 Oz.",$2.50,N/A,In Stock
https://brickseek.com/walmart-inventory-checker/?sku=10294604,"Cream of Wheat, Minute Hot Cereal, Original, 28 oz, 1 Packet",$3.32,N/A,In Stock
https://brickseek.com/walmart-inventory-checker/?sku=10534163,"Great Value Evaporated Milk, 12 Fl Oz",$0.67,N/A,In Stock
https://brickseek.com/walmart-inventory-checker/?sku=894532066,"Star Wars The Mandalorian The Child Baby Yoda Birthday Banner, 6ft",$1.97,N/A,In Stock
https://brickseek.com/walmart-inventory-checker/?sku=254850228,Eastsport Rail Tech Black Backpack,$4.50,N/A,In Stock
https://brickseek.com/walmart-inventory-checker/?sku=170478967,"e.l.f. Cosmetics Prime & Stay Finishing Powder, Sheer",$2.00,N/A,In Stock
https://brickseek.com/walmart-inventory-checker/?sku=638792015,Vanity Planet Outlines LED WAND EA,$17.00,$24.20,In Stock
https://brickseek.com/walmart-inventory-checker/?sku=461781221,Way To Celebrate Harvest Sunflowers & Leaves Floral Arrangement,$0.99,$2.49,Limited Stock
https://brickseek.com/walmart-inventory-checker/?sku=46239159,Fisher-Price Laugh & Learn Puppy's Remote with Light-up Screen.,$5.00,$7.88,In Stock
https://brickseek.com/walmart-inventory-checker/?sku=361660265,iPhone SE Leather Case - Black,$27.00,N/A,In Stock
https://brickseek.com/walmart-inventory-checker/?sku=450453067,Race With Ryan Road Trip Deluxe Edition,$19.93,N/A,In Stock
https://brickseek.com/walmart-inventory-checker/?sku=949588966,"Gorilla Dual Temp Mini Hot Glue Gun, 1 Each",$7.84,N/A,In Stock
https://brickseek.com/walmart-inventory-checker/?sku=46762575,SentrySafe Deluxe Cash Box,$24.64,N/A,In Stock
https://brickseek.com/walmart-inventory-checker/?sku=47934569,"Avery Insertable Style Edge Plastic Dividers, 5 Tabs (11200)",$3.72,N/A,In Stock
https://brickseek.com/walmart-inventory-checker/?sku=831936995,"UCreate Pacon 22"" x 28"" Heavy Coated Black Poster Board",$0.97,N/A,In Stock
https://brickseek.com/walmart-inventory-checker/?sku=720337649,"U Brands Magnetic Tile Dry Erase Whiteboard with Marker and Magnet, 14"" x 14"", Presentation Board, White, Frameless, 460U",$3.00,N/A,In Stock
https://brickseek.com/walmart-inventory-checker/?sku=125993428,"Sharpie Permanent Markers, Fine Point, Assorted Bold Colors, 12 Count",$9.00,N/A,In Stock
https://brickseek.com/walmart-inventory-checker/?sku=20882073,"Alliance 2654A, #54, (Assorted Sizes) Advantage Rubber Bands, 2 oz Bag of Assorted Colors",$0.72,N/A,In Stock
https://brickseek.com/walmart-inventory-checker/?sku=287693174,"Pen+Gear 5"" Blunt 2 Pack, Kids Scissors, Blue and Green, 153510-1004",$1.00,N/A,In Stock
https://brickseek.com/walmart-inventory-checker/?sku=47693361,"Deflecto Floor Register, 4 inches x 10 inches, in Brown, RGFB104",$3.97,$4.81,In Stock
https://brickseek.com/walmart-inventory-checker/?sku=20882070,"Size #32, (3"" x 1/8"") Advantage Rubber Bands 2632A, 2 oz Bag of Approx. 88 Bands, Natural",$0.72,N/A,In Stock
https://brickseek.com/walmart-inventory-checker/?sku=485160832,"Pen + Gear Ruled Index Cards, 3"" x 5"", 100 Count, White",$0.56,N/A,In Stock
https://brickseek.com/walmart-inventory-checker/?sku=36073419,"Chevron Delo 400 SDE 15W40 CK-4, 2.5 Gallon Jug",$33.97,N/A,In Stock
https://brickseek.com/walmart-inventory-checker/?sku=19897929,STP High Mileage Fuel Injector & Carburetor Treatment 2 Pack,$3.18,N/A,In Stock
https://brickseek.com/walmart-inventory-checker/?sku=777796220,"Ol' Roy Cuts in Gravy Wet Dog Food Variety Pack, Bacon Cheeseburger Flavor and Country Stew Flavor, 13.2 oz, 12 Pack",$6.97,N/A,In Stock
https://brickseek.com/walmart-inventory-checker/?sku=55317016,Interpet Heater Glass Life Thermal 50W for 3-10 Gallon Aquariums,$9.99,N/A,In Stock
https://brickseek.com/walmart-inventory-checker/?sku=24093553,"OUT! One Handed Dog Poop Scoop, Easy squeeze handle",$13.44,N/A,In Stock
https://brickseek.com/walmart-inventory-checker/?sku=492085581,Ready2Fish All-Species Just Add Bait Combo - Spinning,$17.76,N/A,In Stock
https://brickseek.com/walmart-inventory-checker/?sku=693623865,"Callaway Neon Golf Ball Markers, 8-Count",$2.97,N/A,In Stock
https://brickseek.com/walmart-inventory-checker/?sku=997683024,"SwissTech Wanderer 30-Inch Rolling Drop Bottom Duffel Bag with Telescopic Handle, Blue, 30.5""H x 16""W x 13.5""D",$20.00,N/A,In Stock
https://brickseek.com/walmart-inventory-checker/?sku=47302819,"Coghlan's 9"" Ultralight Aluminum Tent Stakes, Orange, Bulk",$0.96,N/A,In Stock
https://brickseek.com/walmart-inventory-checker/?sku=698316521,"Athletic Works Yoga Block 9 in. x 6 in. x 3 in. EVA Foam Charcoal Dark Gray Supportive and Lightweight for Yoga, Pilates, Meditation",$3.97,N/A,In Stock
https://brickseek.com/walmart-inventory-checker/?sku=34545699,"Over 'n Out! Advanced 6 Month Control Fire Ant Killer Granules, 11.5 Pounds",$19.55,$19.56,In Stock
https://brickseek.com/walmart-inventory-checker/?sku=737219523,"Mainstays Adjustable 8"" to 10"" Chrome Harp with Finial",$6.94,N/A,In Stock
https://brickseek.com/walmart-inventory-checker/?sku=47472023,"Duraflame Insta-match Multi-Purpose Utility Lighter, Large Fuel Tank, Colors May Vary",$1.98,N/A,In Stock
https://brickseek.com/walmart-inventory-checker/?sku=17127496,"Kendik Rubber Toilet Plunger with Wood Handle. Clears Toilets, Sinks, Drains.",$2.87,N/A,In Stock
https://brickseek.com/walmart-inventory-checker/?sku=45461603,"Clorox Zero Splash Bleach Packs, 12 ct",$3.46,N/A,In Stock
https://brickseek.com/walmart-inventory-checker/?sku=14711871,"Lysol Disinfectant Spray, Sanitizing and Antibacterial Spray, For Disinfecting and Deodorizing, Crisp Linen, 19 fl oz",$5.47,N/A,In Stock
https://brickseek.com/walmart-inventory-checker/?sku=41107428,"Favor Brilliant Shine Furniture Polish, Fresh Lemon, 9.7 Ounces",$1.88,N/A,In Stock
https://brickseek.com/walmart-inventory-checker/?sku=41172894,"Great Value Professional Strength Drain Clog Remover Gel, 80 Fluid Ounce",$3.88,N/A,In Stock
https://brickseek.com/walmart-inventory-checker/?sku=11027258,"Drano Max Gel Clog Remover, 32 oz",$3.68,N/A,In Stock
https://brickseek.com/walmart-inventory-checker/?sku=17474059,"Hyper Tough 2 in. Single Peg Hooks, Zinc Plated Steel (4 Pack)",$1.84,N/A,In Stock
https://brickseek.com/walmart-inventory-checker/?sku=49332865,Ozark Trail Clear Collapsible 5 Gallon Camping Water Storage,$8.97,N/A,In Stock
https://brickseek.com/walmart-inventory-checker/?sku=17474040,"Hyper Tough Screw-in Vinyl Coated Bicycle Hook, Red",$0.84,N/A,In Stock
https://brickseek.com/walmart-inventory-checker/?sku=34008332,"SentrySafe HD4100 Fire-Resistant and Water-Resistant Box Safe with Key Lock, 0.65 cu. ft.",$58.00,N/A,In Stock
https://brickseek.com/walmart-inventory-checker/?sku=17473962,"Bulldog Hardware 1 in. 17 Gauge Wire Nail, 2 oz. Pack",$1.08,N/A,In Stock
https://brickseek.com/walmart-inventory-checker/?sku=16539510,1/4 x 4 inch Slotted Screwdriver with Comfort Grip Handle TS60209Z,$0.97,N/A,In Stock
https://brickseek.com/walmart-inventory-checker/?sku=16927985,"Bondo Red Cream Hardener, Color Change During Mixing Ensures Consistency, 0.75 oz",$1.54,N/A,In Stock
https://brickseek.com/walmart-inventory-checker/?sku=17474042,"Hyper Tough Screw-in Vinyl Coated Garage Square Screw Hook, Red",$0.97,N/A,In Stock
https://brickseek.com/walmart-inventory-checker/?sku=168232956,Hyper Tough 2-Piece Adjustable Wrench Set,$6.72,N/A,In Stock
https://brickseek.com/walmart-inventory-checker/?sku=17474348,"Bulldog Hardware Closet Pole Socket Set, White Plastic (1 Set)",$0.97,N/A,In Stock
https://brickseek.com/walmart-inventory-checker/?sku=888709145,"First Aid Only 118-Piece First Aid Kit, OSHA Compliant",$20.94,N/A,In Stock
https://brickseek.com/walmart-inventory-checker/?sku=55283685,"Deflecto Magnetic Vent Cover, in White, Reusable, MVCX512/12",$3.97,N/A,In Stock
https://brickseek.com/walmart-inventory-checker/?sku=552980647,Hyper Tough Black Locking and Stacking Utility Box,$4.94,N/A,In Stock
https://brickseek.com/walmart-inventory-checker/?sku=48003203,"Bulldog Hardware Nail, Tack and Brad Value Kit Assortment, 200 Pack",$2.22,N/A,In Stock
https://brickseek.com/walmart-inventory-checker/?sku=106550327,HART 8 Gallon 6.0 Peak HP Stainless Steel Wet/Dry Vacuum,$76.00,N/A,In Stock
https://brickseek.com/walmart-inventory-checker/?sku=409158657,"Krylon Rust Protector Enamel Spray Paint, Satin, Black, 15 oz.",$4.30,N/A,In Stock
https://brickseek.com/walmart-inventory-checker/?sku=17510803,"Duck Brand 1.88 in x 55 yd General Purpose Masking Tape, Beige",$3.12,N/A,In Stock
https://brickseek.com/walmart-inventory-checker/?sku=13925187,"Great Value Pure Maple Syrup, 12.5 fl oz",$6.17,N/A,In Stock
https://brickseek.com/walmart-inventory-checker/?sku=22257774,"Carrots, Tomatoes & Broccoli Snack Tray with Hidden Valley Ranch Dressing , 7 oz",$2.50,N/A,In Stock
https://brickseek.com/walmart-inventory-checker/?sku=44391058,"Hillshire Farm Smoked Sausage, 14 oz",$2.94,N/A,In Stock
https://brickseek.com/walmart-inventory-checker/?sku=10415878,"Great Value Cinnamon French Toast Sticks, 16 Oz, 20 Ct (Frozen)",$2.08,N/A,In Stock
https://brickseek.com/walmart-inventory-checker/?sku=199420070,"Freshness Guaranteed Mustard Potato Salad, 32 oz",$2.36,N/A,In Stock
https://brickseek.com/walmart-inventory-checker/?sku=11047612,"Great Value 9"" Pie Crusts, 15 oz, 2 Count",$1.56,N/A,In Stock
https://brickseek.com/walmart-inventory-checker/?sku=15544059,"Great Value Finely Shredded Fiesta Blend Cheese, 16 oz",$2.77,N/A,In Stock
https://brickseek.com/walmart-inventory-checker/?sku=10315930,"Great Value Sauerkraut, 14.5 Oz",$0.72,N/A,In Stock
https://brickseek.com/walmart-inventory-checker/?sku=10315300,"Great Value Bay Leaves, 0.12 oz",$1.23,N/A,In Stock
https://brickseek.com/walmart-inventory-checker/?sku=172196409,"Great Value Tomato Ketchup, 32 oz",$0.90,N/A,In Stock
https://brickseek.com/walmart-inventory-checker/?sku=10451313,"Grape Tomatoes, 10 oz",$1.98,N/A,In Stock
https://brickseek.com/walmart-inventory-checker/?sku=937060690,"Quaker Instant Grits, Cheddar Cheese, 22 packets",$3.17,N/A,In Stock
https://brickseek.com/walmart-inventory-checker/?sku=11047625,"Great Value Vanilla Flavored Ice Cream Sandwiches, 42 oz, 12 Count",$1.97,N/A,In Stock
https://brickseek.com/walmart-inventory-checker/?sku=10315444,"Great Value Large Pitted Black Olives, 6 oz",$1.08,N/A,In Stock
https://brickseek.com/walmart-inventory-checker/?sku=16677204,"YoCrunch Low Fat Vanilla with M&Ms Yogurt, 4 Oz. Cups, 4 Count",$2.36,N/A,In Stock
https://brickseek.com/walmart-inventory-checker/?sku=10315918,"Great Value Sugar Free Syrup, 24 fl Oz",$1.33,N/A,In Stock
https://brickseek.com/walmart-inventory-checker/?sku=14336391,"Great Value Half and Half, 64 fl oz",$3.12,N/A,In Stock
https://brickseek.com/walmart-inventory-checker/?sku=34632117,"Danimals Strawberry Explosion & SwinginÃ¢Â€Â™ Strawberry Banana Variety Pack Smoothies, 3.1 Oz. Bottles, 18 Count",$5.38,N/A,In Stock
https://brickseek.com/walmart-inventory-checker/?sku=51259447,"Great Value Chicken Nuggets, 32 oz (Frozen)",$3.60,N/A,In Stock
https://brickseek.com/walmart-inventory-checker/?sku=10291137,"Libby's Crispy Sauerkraut Jar, 32 Oz",$1.47,N/A,In Stock
https://brickseek.com/walmart-inventory-checker/?sku=10290749,"Bar S Franks Made with Chicken & Pork, 12 Oz.",$0.86,N/A,In Stock
https://brickseek.com/walmart-inventory-checker/?sku=14336389,"Great Value Fully Cooked Homestyle Meatballs, 32 oz",$4.98,N/A,In Stock
https://brickseek.com/walmart-inventory-checker/?sku=14711314,"Great Value Fully Cooked Italian Style Meatballs, 32 oz",$4.98,N/A,In Stock
https://brickseek.com/walmart-inventory-checker/?sku=10320937,"Nissin Teriyaki Beef Flavor Chow Mein Noodles, 4 oz",$0.63,N/A,In Stock
https://brickseek.com/walmart-inventory-checker/?sku=10308272,"Lea & Perrins The Original Worcestershire Sauce, 10 fl oz Bottle",$3.38,N/A,In Stock
https://brickseek.com/walmart-inventory-checker/?sku=13893733,"Marketside Organic Baby Spinach, 5 oz",$1.96,N/A,In Stock
https://brickseek.com/walmart-inventory-checker/?sku=15413608,Nestle Nestum Infant Cereal Wheat & Honey 10.5 Oz,$1.98,N/A,In Stock
https://brickseek.com/walmart-inventory-checker/?sku=44390955,"Tomatoes On The Vine, Per lb",$1.47,N/A,In Stock
https://brickseek.com/walmart-inventory-checker/?sku=10533864,"Great Value Flaky & Buttery Crescent Rolls, 8 Count",$0.93,N/A,In Stock
https://brickseek.com/walmart-inventory-checker/?sku=44391031,"Hillshire Farm Polska Kielbasa Smoked Sausage, 14 oz",$2.94,N/A,In Stock
https://brickseek.com/walmart-inventory-checker/?sku=962886750,"Great Value Pretzel Sticks, 16 oz",$0.96,N/A,In Stock
https://brickseek.com/walmart-inventory-checker/?sku=49909688,"Cheetos Crunchy XXTRA Flamin' HotCheese Flavored Snacks, 8.5 oz Bag",$2.50,N/A,In Stock
https://brickseek.com/walmart-inventory-checker/?sku=10315952,"Great Value Honey Graham Crackers, 14.4 oz",$1.00,N/A,In Stock
https://brickseek.com/walmart-inventory-checker/?sku=51259208,"White Onions, each",$0.78,N/A,In Stock
https://brickseek.com/walmart-inventory-checker/?sku=12166443,"Danimals Strawberry Explosion Smoothies, 3.1 Oz. Bottles, 6 Count",$2.24,N/A,In Stock
https://brickseek.com/walmart-inventory-checker/?sku=585133649,"Great Value Pure Vanilla Extract, 4 fl oz",$7.28,N/A,In Stock
https://brickseek.com/walmart-inventory-checker/?sku=46491750,"Great Value Original Unsweetened Almond Milk, Half Gallon, 64 fl oz",$1.82,N/A,In Stock
https://brickseek.com/walmart-inventory-checker/?sku=10533323,"Great Value Tomato Ketchup, 64 oz",$1.60,N/A,In Stock
https://brickseek.com/walmart-inventory-checker/?sku=13893729,"Marketside Classic Iceberg Salad, 12 oz",$0.92,N/A,In Stock
https://brickseek.com/walmart-inventory-checker/?sku=364924551,"Great Value Concord Grape Jelly, 30 oz",$1.33,N/A,In Stock
https://brickseek.com/walmart-inventory-checker/?sku=400669492,"Great Value Cocktail Sauce, 12 fl oz",$0.98,N/A,In Stock
https://brickseek.com/walmart-inventory-checker/?sku=10450118,"Great Value Whole Vitamin D Milk, Half Gallon, 64 fl oz",$1.57,N/A,In Stock
https://brickseek.com/walmart-inventory-checker/?sku=22098472,"Quaker, Old Fashioned Grits, 24 oz, 1 Packet",$1.64,N/A,In Stock
https://brickseek.com/walmart-inventory-checker/?sku=16382445,"Great Value Buttermilk Pancakes, 33 Oz, 24 Ct (Frozen)",$2.68,N/A,In Stock
https://brickseek.com/walmart-inventory-checker/?sku=51258906,"StarKist Chunk Light Tuna in Water, 5 Oz, 4 Count",$3.28,N/A,In Stock
https://brickseek.com/walmart-inventory-checker/?sku=10315915,"Great Value Extra Virgin Olive Oil Non-Stick Cooking Spray, 7 oz",$1.92,N/A,In Stock
https://brickseek.com/walmart-inventory-checker/?sku=10313639,"Mezzetta Sliced Golden Greek Peperoncini, 16 fl oz",$1.80,N/A,In Stock
https://brickseek.com/walmart-inventory-checker/?sku=44391309,"Great Value Tomato Ketchup, 38 oz",$1.00,N/A,In Stock
https://brickseek.com/walmart-inventory-checker/?sku=378941019,"Great Value Hamburger Dill Chip Pickles, 32 fl oz",$1.43,N/A,In Stock
https://brickseek.com/walmart-inventory-checker/?sku=10292965,"DONA MARIA Traditional Mole, 8.25 oz",$1.74,N/A,In Stock
https://brickseek.com/walmart-inventory-checker/?sku=12166448,"Danimals Strawberry Explosion & Strikin’ Strawberry Kiwi Variety Pack Smoothies, 3.1 Oz. Bottles, 12 Count",$3.78,N/A,In Stock
https://brickseek.com/walmart-inventory-checker/?sku=10315479,"Great Value Creamy Peanut Butter, 40 ounces",$2.74,N/A,In Stock
https://brickseek.com/walmart-inventory-checker/?sku=42306176,"Great Value Semi-Sweet Chocolate Chips, 12 oz",$1.33,N/A,In Stock
https://brickseek.com/walmart-inventory-checker/?sku=37643096,"Quaker, Instant Grits Value Pack, Butter, 0.99 oz, 22 Packets",$3.17,N/A,In Stock
https://brickseek.com/walmart-inventory-checker/?sku=10312475,"Quaker, Quick 5-Minute Grits, 24 oz, 1 Packet",$1.68,N/A,In Stock
https://brickseek.com/walmart-inventory-checker/?sku=15754302,"Lender's Bagel Shop Blueberry Bagels, 17.1 oz, 6 Count",$1.52,N/A,In Stock
https://brickseek.com/walmart-inventory-checker/?sku=10534038,"Great Value Black Beans, 15.25 oz Can",$0.50,N/A,In Stock
https://brickseek.com/walmart-inventory-checker/?sku=36240078,"Marketside Organic Baby Spinach, 16 Oz",$3.66,N/A,In Stock
https://brickseek.com/walmart-inventory-checker/?sku=46695581,"Great Value Garlic Breadsticks,10.5 oz, 6 Ct (Frozen)",$1.64,N/A,In Stock
https://brickseek.com/walmart-inventory-checker/?sku=826201008,"POWERADE Fruit Punch Bottle, 28 fl oz",$0.88,N/A,In Stock
https://brickseek.com/walmart-inventory-checker/?sku=14651650,"Kraft Real Mayo Creamy & Smooth Mayonnaise, 30 fl oz Jar",$2.98,N/A,In Stock
https://brickseek.com/walmart-inventory-checker/?sku=10315486,"Great Value Baking Soda, 16 oz",$0.46,N/A,In Stock
https://brickseek.com/walmart-inventory-checker/?sku=10450339,"Great Value Ultra-Pasteurized Real Heavy Whipping Cream, 16 Oz",$1.60,N/A,In Stock
https://brickseek.com/walmart-inventory-checker/?sku=10534165,"Great Value Sweetened Condensed Milk, 14 oz",$1.12,N/A,In Stock
https://brickseek.com/walmart-inventory-checker/?sku=49909687,"Cheetos Crunchy Cheese Flavored Snacks, 8.5 oz Bag",$2.50,N/A,In Stock
https://brickseek.com/walmart-inventory-checker/?sku=10315443,"Great Value Medium Pitted Black Olives, 6 oz",$1.08,N/A,In Stock
https://brickseek.com/walmart-inventory-checker/?sku=36915845,"Cheetos Puff Cheese Flavored Snack, 8 oz",$2.50,N/A,In Stock
https://brickseek.com/walmart-inventory-checker/?sku=10291399,"Blue Bonnet Vegetable Oil Spread 4 Sticks, 16 oz",$0.84,N/A,In Stock
https://brickseek.com/walmart-inventory-checker/?sku=890488670,"Great Value Pretzel, Mini Twists, 16 oz",$0.96,N/A,In Stock
https://brickseek.com/walmart-inventory-checker/?sku=49909689,"Cheetos Crunchy Flamin' Hot Cheese Flavored Snacks, 8.5 oz Bag",$2.50,N/A,In Stock
https://brickseek.com/walmart-inventory-checker/?sku=17056888,"Great Value Mayonnaise, 30 Fl Oz Jar",$1.94,N/A,In Stock
https://brickseek.com/walmart-inventory-checker/?sku=48387973,StarKist® Chunk Light Tuna in Water - 5 oz Can (8-Pack),$6.48,N/A,In Stock
https://brickseek.com/walmart-inventory-checker/?sku=10532755,"Romaine Lettuce Hearts, 3 Pack",$2.60,N/A,In Stock
https://brickseek.com/walmart-inventory-checker/?sku=17209289,"Lender's Kosher Plain Bagels, 17.1 Oz, 6 Count",$1.52,N/A,In Stock
https://brickseek.com/walmart-inventory-checker/?sku=10415325,"Great Value 100% Apple Juice, 96 Fl. Oz.",$1.54,N/A,In Stock
https://brickseek.com/walmart-inventory-checker/?sku=39098615,"Great Value Chunk Chicken Breast, in Water, 12.5 oz, 2 Count Can",$3.32,N/A,In Stock
https://brickseek.com/walmart-inventory-checker/?sku=128642379,"Marketside Classic Hummus, 10 oz",$1.82,N/A,In Stock
https://brickseek.com/walmart-inventory-checker/?sku=10453076,"S&B Prepared Wasabi in Tube, 1.52 OZ",$1.64,N/A,In Stock
https://brickseek.com/walmart-inventory-checker/?sku=12444468,"Great Value Pizza Sauce, 14 oz",$1.00,N/A,In Stock
https://brickseek.com/walmart-inventory-checker/?sku=49914752,"Great Value Chunk Chicken Breast, 12.5 oz, 4 Count",$6.58,N/A,In Stock
https://brickseek.com/walmart-inventory-checker/?sku=10315447,"Great Value Sliced Black Olives, 2.25 oz",$0.67,N/A,In Stock
https://brickseek.com/walmart-inventory-checker/?sku=43711099,"Great Value Yellow Mustard, 20 oz Squeeze Bottle",$0.46,N/A,In Stock
https://brickseek.com/walmart-inventory-checker/?sku=105455228,"Marketside Roasted Garlic Hummus, 10 Oz",$1.82,N/A,In Stock
https://brickseek.com/walmart-inventory-checker/?sku=10450989,"Great Value Distilled White Vinegar, 64 fl oz",$1.36,N/A,In Stock
https://brickseek.com/walmart-inventory-checker/?sku=44390945,"Fresh, Green Bell Pepper, 1 Each",$0.60,N/A,In Stock
https://brickseek.com/walmart-inventory-checker/?sku=41592222,"Great Value Cream Cheese, 8 oz, 2 count",$1.57,N/A,In Stock
https://brickseek.com/walmart-inventory-checker/?sku=10450114,"Great Value Whole Vitamin D Milk, Gallon, 128 fl oz",$2.69,N/A,In Stock
https://brickseek.com/walmart-inventory-checker/?sku=44390948,"Bananas, each",$0.16,N/A,In Stock
https://brickseek.com/walmart-inventory-checker/?sku=10450340,"Great Value Ultra-Pasteurized Real Heavy Whipping Cream, 32 Oz",$3.12,N/A,In Stock
https://brickseek.com/walmart-inventory-checker/?sku=11046907,"Desitin Maximum Strength Baby Diaper Rash Cream with Zinc Oxide, 4 oz",$5.44,N/A,In Stock
https://brickseek.com/walmart-inventory-checker/?sku=477249040,"Wonder Nation Baby Boy & Toddler Boy Acid Wash Cargo Jeans, Sizes 12M-5T",$10.00,N/A,In Stock
https://brickseek.com/walmart-inventory-checker/?sku=48572005,"JASON Organic Smoothing Unrefined Coconut Oil, 15 fl. oz.",$5.28,N/A,In Stock
https://brickseek.com/walmart-inventory-checker/?sku=20682737,"Aunt Martha's 18"" x 24"" Days of the Week Hot Iron Transfers, 1 Each",$0.97,N/A,In Stock
https://brickseek.com/walmart-inventory-checker/?sku=446337753,"Flex Seal Mini Pool Patch and Repair Kit, Includes Flex Tape and Flex Glue, Clear",$7.88,N/A,In Stock
https://brickseek.com/walmart-inventory-checker/?sku=780360391,"Spa Selections Foam Out for Spas and Hot Tubs, Spa Chemicals, 16 oz",$4.83,N/A,In Stock
https://brickseek.com/walmart-inventory-checker/?sku=820214087,"Puzzle Guard Do & Glue, 8 Ounces",$5.00,N/A,In Stock
https://brickseek.com/walmart-inventory-checker/?sku=46239158,Fisher-Price Laugh & Learn Sis' Remote with Light-up Screen,$5.00,N/A,In Stock
https://brickseek.com/walmart-inventory-checker/?sku=46239159,Fisher-Price Laugh & Learn Puppy's Remote with Light-up Screen.,$5.00,N/A,In Stock
https://brickseek.com/walmart-inventory-checker/?sku=494778728,FurReal Walkalots Big Wags Unicorn Cat Toy - Interactive Pet,$10.00,N/A,In Stock
https://brickseek.com/walmart-inventory-checker/?sku=127461902,"Fisher-Price Baby's First Blocks with Storage Bucket, learn shapes and sort.",$5.00,N/A,In Stock
https://brickseek.com/walmart-inventory-checker/?sku=34718113,"Alka-Seltzer Plus Day & Night Multi-Symptom Cold & Flu, Liquid Gels, 20 Count",$4.98,N/A,In Stock
https://brickseek.com/walmart-inventory-checker/?sku=44395889,"Rolaids Advanced Antacid, Anti Gas Tablets (60 Ct, Mixed Berry)",$3.44,N/A,In Stock
https://brickseek.com/walmart-inventory-checker/?sku=10321567,"Smucker's Concord Grape Jelly, 18-Ounce",$2.34,N/A,In Stock
https://brickseek.com/walmart-inventory-checker/?sku=10532782,"TheraTears Lubricant Eye Drops For Dry Eyes, Dry Eye Therapy, 1 fl. Oz. Bottle",$10.54,N/A,In Stock
https://brickseek.com/walmart-inventory-checker/?sku=1413,"Flintstones Chewable Kids Vitamin, Multivitamin for Kids, 60 Count",$5.92,N/A,In Stock
https://brickseek.com/walmart-inventory-checker/?sku=10311443,"Flintstones Chewable Kid's Multivitamin w/ Immunity Support, 60 Ct",$5.98,N/A,In Stock
https://brickseek.com/walmart-inventory-checker/?sku=26384613,"Flintstones Gummies Kids Vitamin, Gummy Multivitamin for Kids, 180 Ct",$11.26,N/A,In Stock
https://brickseek.com/walmart-inventory-checker/?sku=36562758,"One A Day VitaCraves Teen for Her Multivitamin Gummies, 60 Count",$6.97,N/A,In Stock
https://brickseek.com/walmart-inventory-checker/?sku=10535292,"Grey Poupon Country Dijon Coarse Ground Mustard, 8 oz. Jar",$2.48,N/A,In Stock
https://brickseek.com/walmart-inventory-checker/?sku=173625240,"Flintstones Gummies Kids Multivitamin w/ Immunity Support, 150 Count",$11.26,N/A,In Stock
https://brickseek.com/walmart-inventory-checker/?sku=10324527,"Equate Fiber Therapy Methylcellulose Caplets, 500 mg, 100 Count",$7.62,N/A,In Stock
https://brickseek.com/walmart-inventory-checker/?sku=20608083,"Equate NiteTime Cold & Flu Multi-Symptom Relief, 24 Count",$2.67,N/A,In Stock
https://brickseek.com/walmart-inventory-checker/?sku=22388730,"Maximum Strength Mucinex Sinus-Max Severe Congestion & Pain, Sinus Symptom Relief, Pain Reliever, Expectorant and Nasal Decongestant, 20 Caplets",$10.46,N/A,In Stock
https://brickseek.com/walmart-inventory-checker/?sku=10294261,Excedrin Extra Strength Caplets – Headache Relief – 100 Count,$9.63,N/A,In Stock
https://brickseek.com/walmart-inventory-checker/?sku=516753286,"Flintstones Gummies Plus Immunity Support Children's Multivitamin, 60 Count",$5.98,N/A,In Stock
https://brickseek.com/walmart-inventory-checker/?sku=905653914,"Flintstones Chewable Kids Vitamins w Iron, Multivitamin for Kids, 60Ct",$5.92,N/A,In Stock
https://brickseek.com/walmart-inventory-checker/?sku=47064552,"Equate Low Dose Chewable Aspirin 81 mg Tablets, Cherry Flavor, Pain Reliever, For Adults, 36 Count, 3 Pack",$1.98,N/A,In Stock
https://brickseek.com/walmart-inventory-checker/?sku=36168192,"Nature Made Super B-Complex Supplement Tablets, 160 Count",$6.88,N/A,In Stock
https://brickseek.com/walmart-inventory-checker/?sku=10449312,"Smucker's Concord Grape Jelly, 32-Ounce",$2.36,N/A,In Stock
https://brickseek.com/walmart-inventory-checker/?sku=571480286,Equate Eq Allergy Fexofenadine Hcl 2x30 count,$9.92,N/A,In Stock
https://brickseek.com/walmart-inventory-checker/?sku=191193830,"Equate Absorbent Stretch Rolled Gauze, Value Pack, 5 Count",$4.82,N/A,In Stock
https://brickseek.com/walmart-inventory-checker/?sku=17056909,"Equate Extra Strength Cool & Heat Medicated Patch, 5 Count",$3.38,N/A,In Stock
https://brickseek.com/walmart-inventory-checker/?sku=205686017,Pressman Toys - Shark Bite Game,$10.00,N/A,In Stock
https://brickseek.com/walmart-inventory-checker/?sku=10308154,"Smucker's Squeeze Strawberry Fruit Spread, 20-Ounce",$2.54,N/A,In Stock
https://brickseek.com/walmart-inventory-checker/?sku=14940735,"Smucker's Seedless Red Raspberry Jam, 18-Ounce",$2.66,N/A,In Stock
https://brickseek.com/walmart-inventory-checker/?sku=425488211,"Equate No Drip Severe Congestion Nasal Pump Mist Value Size, 1 fl oz",$3.32,N/A,In Stock
https://brickseek.com/walmart-inventory-checker/?sku=334960573,"Malt-O-Meal Fruity Dyno Bites with Marshmallows, Gluteen Free, 35 oz",$5.23,N/A,In Stock
https://brickseek.com/walmart-inventory-checker/?sku=752365927,"Arm & Hammer Clean Scentsations In-Wash Scent Booster - Clean Meadow, 24 oz",$4.28,N/A,In Stock
https://brickseek.com/walmart-inventory-checker/?sku=10315375,"Great Value Original Saltine Crackers, 16 oz, 4 Count",$0.78,N/A,In Stock
https://brickseek.com/walmart-inventory-checker/?sku=14699300,Goliath Games - Pop the Pig Game,$10.00,N/A,In Stock
https://brickseek.com/walmart-inventory-checker/?sku=47375932,"Great Value Creamy Peanut Butter, 64 oz",$4.34,N/A,In Stock
https://brickseek.com/walmart-inventory-checker/?sku=17324929,"Coricidin HBP, Cold & Flu Relief Tablets, High Blood Pressure, 20 Count",$5.66,N/A,In Stock
https://brickseek.com/walmart-inventory-checker/?sku=14122821,"Equate Polyethylene Glycol 3350 Unflavored Powder for Solution, 30 Doses",$9.24,N/A,In Stock
https://brickseek.com/walmart-inventory-checker/?sku=665614784,Goliath Rattlesnake Jake - Get The Gold before He Strikes! Board Game,$10.00,N/A,In Stock
https://brickseek.com/walmart-inventory-checker/?sku=411224008,"Mainstays Indoor Battery-Operated 50-Count Wire Lights, with Multi-Color LED Lights, 8 Lighting Modes, 4.5 Volts",$3.97,N/A,In Stock
https://brickseek.com/walmart-inventory-checker/?sku=222773503,"Mainstays Battery-Operated Indoor 50-Count LED Warm White Wire Lights, with 8 Lighting Modes, 4.5 Volts",$3.97,N/A,In Stock
https://brickseek.com/walmart-inventory-checker/?sku=474382688,Hyper Tough 3-Pack Polarized Plug to Grounded White Indoor Plastic Adapter,$1.98,N/A,In Stock
https://brickseek.com/walmart-inventory-checker/?sku=617871861,Expert Gardener 24-inch Wood & Poly Leaf Rake,$8.50,N/A,In Stock
https://brickseek.com/walmart-inventory-checker/?sku=887151435,Expert Gardener 30-inch Wood & Poly Leaf Rake,$11.18,N/A,In Stock
https://brickseek.com/walmart-inventory-checker/?sku=19757709,"Enoz Fly Swatter, Wire Handled Plastic Fly Swatter, Assorted Colors, 2 Ct",$1.00,N/A,In Stock
https://brickseek.com/walmart-inventory-checker/?sku=17203827,Hyper Tough 32 Gallon Injection Molded Trash Can - Black - TI0044,$11.27,N/A,In Stock
https://brickseek.com/walmart-inventory-checker/?sku=139557619,"Expert Grill Instant Charcoal Briquets, 12 Lb",$6.97,N/A,In Stock
https://brickseek.com/walmart-inventory-checker/?sku=349998326,HART 20-Volt 10-inch String Trimmer/Bazooka Blower Combo Kit (1) 2.0Ah battery,$101.00,N/A,In Stock
https://brickseek.com/walmart-inventory-checker/?sku=16888910,"AcuRite 6"" White Analog Thermometer for Indoor Outdoor Use with Suction Cup 1.6"" x 7.4""",$0.97,N/A,In Stock
https://brickseek.com/walmart-inventory-checker/?sku=498222242,"Eliminator Wasp and Hornet Killer3, 17 Ounce, 3 Pack",$5.00,N/A,In Stock
https://brickseek.com/walmart-inventory-checker/?sku=575252759,"Expert Grill 14.5'' Portable Charcoal Grill, Black",$14.97,N/A,In Stock
https://brickseek.com/walmart-inventory-checker/?sku=16349546,"Mainstays White Swivel Suit Plastic Hanger for Any Clothing Type, 3 Count",$4.86,N/A,In Stock
https://brickseek.com/walmart-inventory-checker/?sku=239806706,"Better Homes & Gardens Laundry Basket,Metal Laundry Caddy,Laundry Storage Container",$11.88,N/A,In Stock
https://brickseek.com/walmart-inventory-checker/?sku=44432738,"Wilton Bake It Better Non-Stick Extra Large Cookie Sheet, 13 x 20-Inch",$9.88,N/A,In Stock
https://brickseek.com/walmart-inventory-checker/?sku=25420423,"Wilton Bake It Better Non-Stick Medium Cookie Sheet, 10 x 15-Inch",$5.97,N/A,In Stock
https://brickseek.com/walmart-inventory-checker/?sku=446893411,Health O Meter Antimicrobial Dial Bathroom Scale,$12.74,N/A,In Stock
https://brickseek.com/walmart-inventory-checker/?sku=8245670,"Health O Meter Scale | Weight Tracking Digital Bathroom Scale, Black",$19.88,N/A,In Stock
https://brickseek.com/walmart-inventory-checker/?sku=371705674,"Wilton Bake It Better Nesting Non-Stick Bakeware Set, 5-Piece",$19.97,N/A,In Stock
https://brickseek.com/walmart-inventory-checker/?sku=37299941,"Wilton Bake It Better Oblong Non-Stick Brownie Pan with Lid, 9 x 13-Inch - Baking Pan with Carry Handle",$9.97,N/A,In Stock
https://brickseek.com/walmart-inventory-checker/?sku=14913184,"Mainstays Nonstick 9"" x 9"" x 2"" Square Cake Pan, Brownie Pan, Gray",$4.12,N/A,In Stock
https://brickseek.com/walmart-inventory-checker/?sku=123868415,Mainstays Pop-up Spiral Laundry Hamper - Polyester - Home & Garage Organizer,$5.48,N/A,In Stock
https://brickseek.com/walmart-inventory-checker/?sku=420906592,"Expert Grill 17.5'' Charcoal Grill with Wheels, Black",$19.97,N/A,In Stock
https://brickseek.com/walmart-inventory-checker/?sku=241840022,"Better Homes & Gardens Large Metal Laundry Holder ,Detergent Metal Holder, Metal Laundry Caddy",$9.77,N/A,In Stock
https://brickseek.com/walmart-inventory-checker/?sku=45848347,"Wilton Bake It Better Non-Stick Square Cake Pan, 9 x 9-Inch",$5.97,N/A,In Stock
https://brickseek.com/walmart-inventory-checker/?sku=45723545,"Wilton Bake It Better Non-Stick Springform Pan, 9-Inch - Cheesecake Pan",$7.97,N/A,In Stock
https://brickseek.com/walmart-inventory-checker/?sku=24663536,"Wilton Bake It Better Non-Stick Oblong Brownie Pan, 9 x 13-Inch",$5.97,N/A,In Stock
https://brickseek.com/walmart-inventory-checker/?sku=641746796,"Personal Chiller 6-Can Mini Refrigerator, Black K4105MTBK",$29.00,N/A,In Stock
https://brickseek.com/walmart-inventory-checker/?sku=46180242,Magicbag® Original Flat Instant Space Saver Storage - Medium - 3 Pack,$6.74,N/A,In Stock
https://brickseek.com/walmart-inventory-checker/?sku=23944492,"Wilton Bake It Better Non-Stick Flower Fluted Tube Cake Pan, 9.75-Inch",$8.97,N/A,In Stock
https://brickseek.com/walmart-inventory-checker/?sku=24538701,"Wilton Bake It Better Non-Stick Muffin Pan, 12-Cup",$7.97,N/A,In Stock
https://brickseek.com/walmart-inventory-checker/?sku=17808670,"Fairfield Poly-Fil Premium Polyester Fiberfill, 50oz bag",$10.48,N/A,In Stock
https://brickseek.com/walmart-inventory-checker/?sku=121837737,"Pyrex® Mixing Bowl, Glass, 8-Piece",$19.97,N/A,In Stock
https://brickseek.com/walmart-inventory-checker/?sku=172215590,"Sure-Jell Premium Fruit Pectin for Less or No Sugar Needed Recipes Value Pack, 2 ct Pack, 1.75 oz Boxes",$4.88,N/A,In Stock
https://brickseek.com/walmart-inventory-checker/?sku=173128053,"2.0 Bushel Home Logic Rolling Hamper with Pop-Up Handle, White",$15.74,N/A,In Stock
https://brickseek.com/walmart-inventory-checker/?sku=14913188,"Mainstays Large Nonstick 17"" x 11"" Cookie Sheet Baking Pan, Gray",$5.00,N/A,In Stock
https://brickseek.com/walmart-inventory-checker/?sku=21098630,"Filing Cabinet 2-Drawer Steel File Cabinet with Lock, Black",$43.94,N/A,In Stock
https://brickseek.com/walmart-inventory-checker/?sku=55325434,"Mainstays Nonstick 16"" Diameter Pizza Pan, Pizza Crisper, Large, Gray",$5.00,N/A,In Stock
https://brickseek.com/walmart-inventory-checker/?sku=301680558,"Mainstays Small Space Writing Desk with 2 Shelves, True Black Oak Finish",$26.48,N/A,In Stock
https://brickseek.com/walmart-inventory-checker/?sku=17331744,"Rubbermaid TakeAlongs Serving Bowl Food Storage Containers, 6.2 Cup, 3 Count , Chili Red",$2.86,N/A,In Stock
https://brickseek.com/walmart-inventory-checker/?sku=12173433,"Mainstays 72'' Combo Floor Lamp with Adjustable Reading Lamp, Silver",$11.44,N/A,In Stock
https://brickseek.com/walmart-inventory-checker/?sku=325768579,"Hoover WindTunnel XL Pet Bagless Upright Vacuum, UH71107",$59.00,N/A,In Stock
https://brickseek.com/walmart-inventory-checker/?sku=715569668,"Personal Chiller LED Lighted Mini Fridge with Mirror Door, White",$29.88,N/A,In Stock
https://brickseek.com/walmart-inventory-checker/?sku=19801148,"Mainstays Plastic Clothing Hangers, 10 Count, White",$1.38,N/A,In Stock
https://brickseek.com/walmart-inventory-checker/?sku=51200565,"Maid 5 gal Water Bottle, BPA Free,Durable, Easy to Carry, for top and bottom load water dispensers",$8.44,N/A,In Stock
https://brickseek.com/walmart-inventory-checker/?sku=44432741,"Wilton Bake It Better Non-Stick Baking Pan Set, 3-Piece",$9.92,N/A,In Stock
https://brickseek.com/walmart-inventory-checker/?sku=15136838,Revlon Compact Emeryl™ Nail File,$1.96,N/A,In Stock
https://brickseek.com/walmart-inventory-checker/?sku=13269696,"Aveeno Baby Daily Moisture Body Wash & Shampoo, Oat Extract, 18 fl. oz",$8.19,$8.20,In Stock
https://brickseek.com/walmart-inventory-checker/?sku=38228260,"Oxy Maximum Action 3 in 1 Treatment Pads, 90 count",$4.97,N/A,In Stock
https://brickseek.com/walmart-inventory-checker/?sku=47375930,"BetterBody Foods Organic Chia Seeds, 32 oz",$7.86,N/A,In Stock
https://brickseek.com/walmart-inventory-checker/?sku=47088945,"Got2b Glued Blasting Freeze Hairspray, 12 oz",$4.22,N/A,In Stock
https://brickseek.com/walmart-inventory-checker/?sku=39451944,Listerine Ultraclean Access Flosser with 8 Dental Flosser Heads,$1.72,N/A,In Stock
https://brickseek.com/walmart-inventory-checker/?sku=10295661,"Nair Hair Remover Lotion, Softening Baby Oil, 9.0 Oz.",$3.93,N/A,In Stock
https://brickseek.com/walmart-inventory-checker/?sku=10452768,"L'Oreal Paris Studio Line Clean Strong Hold Hair Gel, 6.8 oz",$3.46,N/A,In Stock
https://brickseek.com/walmart-inventory-checker/?sku=37210915,"SheaMoisture Bar Soap African Black Soap, 8 Oz.",$3.46,N/A,In Stock
https://brickseek.com/walmart-inventory-checker/?sku=674535293,"Equate After Sun Soothing Gel With Aloe, 20 Oz.",$2.87,N/A,In Stock
https://brickseek.com/walmart-inventory-checker/?sku=11027635,"Gillette Series Conditioning Mens After Shave Gel, 2.5 Fl Oz",$1.74,N/A,In Stock
https://brickseek.com/walmart-inventory-checker/?sku=10295611,TRESemmé TRES Two Extra Hold Non Aerosol Hair Spray Extra Firm Control 10 oz,$3.37,N/A,In Stock
https://brickseek.com/walmart-inventory-checker/?sku=26812577,"Biotene Original Sugar Free Fluoride Toothpaste for Dry Mouth, Fresh Mint, 4.3 Oz",$4.68,N/A,In Stock
https://brickseek.com/walmart-inventory-checker/?sku=10295662,"Nair Hair Remover Cocoa Butter Hair Removal Lotion, 9.0 oz.",$3.93,N/A,In Stock
https://brickseek.com/walmart-inventory-checker/?sku=10314797,"Fruit of the Earth Aloe Vera Moisturizing Gel, Unscented 12 Oz.",$3.42,N/A,In Stock
https://brickseek.com/walmart-inventory-checker/?sku=698463788,"Parent's Choice Tear Free Calming Night-Time Baby Bath, 28 fl oz",$1.88,N/A,In Stock
https://brickseek.com/walmart-inventory-checker/?sku=597342188,OtterBox Defender Series Pro Phone Case for Apple iPhone 11 - Blue,$39.97,N/A,In Stock
https://brickseek.com/walmart-inventory-checker/?sku=481093445,"Clubhouse Games: 51 Worldwide Classics, Nintendo Switch",$32.88,N/A,In Stock
https://brickseek.com/walmart-inventory-checker/?sku=104415206,Kangaroo Home Security Motion + Entry Sensor,$19.88,N/A,In Stock
https://brickseek.com/walmart-inventory-checker/?sku=21176423,Southwire Romex SIMpull 14/2 25' Residential NM-B Cu Indoor Electrical Wire,$12.64,N/A,In Stock
https://brickseek.com/walmart-inventory-checker/?sku=642573197,onn Roku Smart Soundbar with built-in 4K Streaming Media Player,$99.00,N/A,In Stock
https://brickseek.com/walmart-inventory-checker/?sku=180173378,iPhone 12 mini Silicone Case with MagSafe - White,$24.50,N/A,In Stock
https://brickseek.com/walmart-inventory-checker/?sku=801871498,"Eastsport Elevated Backpack, Grey Honeycomb",$5.00,N/A,Limited Stock
https://brickseek.com/walmart-inventory-checker/?sku=48982010,"Tom Clancy's Rainbow Six: Siege, Ubisoft, PlayStation 4, 887256014674",$16.93,$29.83,Limited Stock
https://brickseek.com/walmart-inventory-checker/?sku=32979687,5-Minute Stories: 5-Minute Spooky Stories (Hardcover),$8.48,N/A,In Stock
https://brickseek.com/walmart-inventory-checker/?sku=794390115,"wet n wild Color Icon Glitter Single Shadow, C358C Karma",$0.09,N/A,In Stock
https://brickseek.com/walmart-inventory-checker/?sku=110507178,"Farming Simulator 19 Platinum, Maximum Games, Xbox One, 859529007478",$16.93,$19.93,Limited Stock
https://brickseek.com/walmart-inventory-checker/?sku=543086309,Wet N Wild 1 Color Icon Glitter Single,$0.09,N/A,In Stock
https://brickseek.com/walmart-inventory-checker/?sku=978874687,"Sinful Colors Made On Mars Nail Polish, 3021 Icy MonSTAR",$0.19,N/A,In Stock
https://brickseek.com/walmart-inventory-checker/?sku=580051346,"L.A. COLORS Glows Color Craze Gel Nail Polish, Red",$0.19,$0.75,In Stock
https://brickseek.com/walmart-inventory-checker/?sku=590269843,"Mega Man 11, Capcom U S A Inc, Nintendo Switch, 013388410064",$17.93,$19.93,Limited Stock
https://brickseek.com/walmart-inventory-checker/?sku=458700461,"World of Final Fantasy: Maxima, Square Enix, Xbox One, 662248921952",$7.88,$9.88,Limited Stock
https://brickseek.com/walmart-inventory-checker/?sku=127872186,"Ionvac Cordless Vacuum – Lightweight Handheld Cordless Vacuum Cleaner, USB Charging, Multi-Surface",$15.00,$19.86,In Stock
https://brickseek.com/walmart-inventory-checker/?sku=264608430,"iFLY Hardside Fibertech Carry On Luggage, 20""",$35.00,$63.00,In Stock
https://brickseek.com/walmart-inventory-checker/?sku=485540138,Toshiba Canvio Ready Portable External Hard Drive 1TB Black,$38.88,N/A,In Stock
https://brickseek.com/walmart-inventory-checker/?sku=316926005,Yankee Candle Movie Night Cocoa - Original Large Jar Candle,$16.88,N/A,In Stock
https://brickseek.com/walmart-inventory-checker/?sku=267576777,"KISS i-ENVY 3D Collection Glam False Eyelashes, Style 06, Full Flared",$0.39,N/A,In Stock
https://brickseek.com/walmart-inventory-checker/?sku=875862405,"Way to Celebrate Glass Pumpkin Beverage Dispenser, 2-Gallons",$1.69,N/A,In Stock
https://brickseek.com/walmart-inventory-checker/?sku=244238330,"The Happy Planner, Disney, Mickey & Friends Value Pack Stickers- Squad Goals, 8""x 4.75""x 9""",$24.88,N/A,In Stock
https://brickseek.com/walmart-inventory-checker/?sku=824389471,"Ben 10 Power Trip, Outright Games, PlayStation 4, 819338021010",$12.88,$14.88,Limited Stock
https://brickseek.com/walmart-inventory-checker/?sku=832326952,Super Monkey Ball: Banana Blitz HD for Nintendo Switch,$17.93,$19.93,Limited Stock
https://brickseek.com/walmart-inventory-checker/?sku=921078507,Super Monkey Ball: Banana Blitz HD for PlayStation 4,$19.93,N/A,Limited Stock
https://brickseek.com/walmart-inventory-checker/?sku=796935260,"PAW Patrol, Movie Transforming City PAW Patroller (Walmart Exclusive)",$34.00,$59.00,In Stock
https://brickseek.com/walmart-inventory-checker/?sku=198992017,"Nickelodeon Kart Racers, Gamemill, Nintendo Switch, 856131008084",$17.93,$19.93,Limited Stock
https://brickseek.com/walmart-inventory-checker/?sku=310440979,"Salon Step The Beauty Footrest for Easy At-Home Pedicures, Treat Your Feet, No More Bending or Stretching with LED Magnifier, Drying Fan, Adjustable Foot Rest, Non-Slip Sturdy Legs & Built-In Storage",$17.00,N/A,In Stock
https://brickseek.com/walmart-inventory-checker/?sku=414266169,Super Monkey Ball: Banana Blitz HD for Xbox One,$16.93,$19.93,Limited Stock
https://brickseek.com/walmart-inventory-checker/?sku=208802686,"Wonder Nation Girls No Show Socks 10-Pack, Sizes S-L",$4.00,$6.97,In Stock
https://brickseek.com/walmart-inventory-checker/?sku=321353052,Need for Speed Heat - PlayStation 4,$19.93,$25.00,Limited Stock
https://brickseek.com/walmart-inventory-checker/?sku=355080781,"Skittles & Starburst Chewy Variety Pack Halloween Candy, 18 Count Box",$3.31,$6.62,In Stock
https://brickseek.com/walmart-inventory-checker/?sku=297490665,"Bower Selfie Ring Studio Light, 8""",$19.88,$26.88,In Stock
https://brickseek.com/walmart-inventory-checker/?sku=898799852,"Nostalgia MyMini Sandwich Maker, Red",$3.00,$8.96,In Stock
https://brickseek.com/walmart-inventory-checker/?sku=358023695,Crayola Ultra SmART Case Next Generation Art Set Ages 6+,$15.00,$29.97,In Stock
https://brickseek.com/walmart-inventory-checker/?sku=131651921,"Quaker Chewy Granola Bars, Variety Pack, 48 Bars",$8.98,N/A,In Stock
https://brickseek.com/walmart-inventory-checker/?sku=167039729,"KINGDOM HEARTS All-in-One Package, Square Enix, PlayStation 4, 662248923789",$29.83,$39.82,In Stock
https://brickseek.com/walmart-inventory-checker/?sku=137042264,"Final Fantasy XII: The Zodiac Age, Square Enix, Xbox One, 662248921990",$7.88,$9.88,Limited Stock
https://brickseek.com/walmart-inventory-checker/?sku=421974732,"Way to Celebrate! Boo Eek Halloween Paper Dessert Plates, 7in, 10ct",$0.09,N/A,Limited Stock
https://brickseek.com/walmart-inventory-checker/?sku=711280077,Wilton Disney Mickey Mouse and Friends Holiday House Cookie Kit,$13.98,N/A,In Stock
https://brickseek.com/walmart-inventory-checker/?sku=189012863,Rhino 180,$99.00,$199.00,In Stock
https://brickseek.com/walmart-inventory-checker/?sku=216669349,"100 Grand Milk Chocolate Candy Bars, Full Size Bulk Individually Wrapped Ferrero Candy, Great for Holiday Stocking Stuffers, 1.5 oz",$0.74,$0.88,In Stock
https://brickseek.com/walmart-inventory-checker/?sku=629871008,LEGO Star Wars TM Skywalker Adventures Pack 66674,$50.00,N/A,In Stock
https://brickseek.com/walmart-inventory-checker/?sku=17057001,"French Lilac Flowers Scented Wax Melts, Better Homes & Gardens, 2.5 oz (1-Pack)",$2.00,N/A,In Stock
https://brickseek.com/walmart-inventory-checker/?sku=773578688,"Kingsford 100% Hardwood Pellets for Grills, Cherrywood, 20 Pounds",$12.97,N/A,In Stock
https://brickseek.com/walmart-inventory-checker/?sku=362673503,"SanDisk 128GB microSDXC UHS-I Memory Card for Nintendo Switch, Red - 100MB/s, Micro SD Card - SDSQXBO-128G-AWCZA",$24.88,$27.74,In Stock
https://brickseek.com/walmart-inventory-checker/?sku=12177657,"Tetra Submersible Aquarium Heater, 100-Watt",$5.25,N/A,In Stock
https://brickseek.com/walmart-inventory-checker/?sku=740300238,The Classic Game of Connect 4; Game for 2 Players; for Kids Ages 6 and Up,$5.00,$9.84,In Stock
https://brickseek.com/walmart-inventory-checker/?sku=936434562,SAMSUNG Galaxy Tab S7 128GB Mystic Black (Wi-Fi) S Pen Included - SM-T870NZKAXAR,$499.00,$629.00,Limited Stock
https://brickseek.com/walmart-inventory-checker/?sku=982138704,Race With Ryan Road Trip Deluxe Edition,$19.93,N/A,In Stock
https://brickseek.com/walmart-inventory-checker/?sku=578727646,"Ceaco 3 in 1 Thomas Kincade Cobble Bridge Jigsaw Puzzle including 550 Piece, 700 Piece and 750 Piece count. Includes Free Puzzle Glue",$10.00,N/A,Limited Stock
https://brickseek.com/walmart-inventory-checker/?sku=557682803,"JoJo Siwa, Girls' Underwear, Days of the Week 7 Pack Panties, Sizes 6-8",$5.50,N/A,In Stock
https://brickseek.com/walmart-inventory-checker/?sku=591374141,Disney Frozen Elsa Fashion Doll with Movie-Inspired Outfit from Frozen,$5.00,N/A,In Stock
https://brickseek.com/walmart-inventory-checker/?sku=914992068,"My Life As Poseable Professional Gymnast 18” Doll, Dark Brunette Hair, Brown Eyes",$15.00,N/A,In Stock
https://brickseek.com/walmart-inventory-checker/?sku=298923226,Sorry! The Classic Game Of Sweet Revenge,$5.00,$9.84,In Stock
https://brickseek.com/walmart-inventory-checker/?sku=772050661,"My Life As Poseable Dream Team Captain 18” Doll, Dark Brunette Hair, Green Eyes",$15.00,N/A,In Stock
https://brickseek.com/walmart-inventory-checker/?sku=329944577,"Cocomelon 5-Pack of wood Jigsaw Puzzles for Families, Kids, and Preschoolers Ages 3 and Up",$5.00,N/A,In Stock
https://brickseek.com/walmart-inventory-checker/?sku=426431725,"Trolls Briefs, 7-Pack, Sizes 4-6",$5.50,N/A,In Stock
https://brickseek.com/walmart-inventory-checker/?sku=402453387,"Paw Patrol The Movie 8-Pack of Puzzles in Storage Tub, for Families and Kids Ages 4 and up",$10.00,N/A,In Stock
https://brickseek.com/walmart-inventory-checker/?sku=781633201,"Spider-Man Boys 4-8 Brief Underwear, 5 Pack",$5.50,N/A,In Stock
https://brickseek.com/walmart-inventory-checker/?sku=490653745,"My Life As Poseable Unicorn Trainer 18” Doll, Dark Brunette Hair",$15.00,N/A,In Stock
https://brickseek.com/walmart-inventory-checker/?sku=684817721,"My Life As Poseable Content Creator 18"" Doll, Dark Brunette Hair",$15.00,N/A,In Stock
https://brickseek.com/walmart-inventory-checker/?sku=514873431,Fisher-Price Little People Sit 'N Stand Skyway 2-In-1 Vehicle Racing Playset,$29.00,N/A,In Stock
https://brickseek.com/walmart-inventory-checker/?sku=46239158,Fisher-Price Laugh & Learn Sis' Remote with Light-up Screen,$5.00,$7.88,In Stock
https://brickseek.com/walmart-inventory-checker/?sku=980653774,"Mainstays Basic Bath Collection - Single Bath Towel, Solid White",$1.75,$2.74,In Stock
https://brickseek.com/walmart-inventory-checker/?sku=280420598,"Nintendo Super Mario Children's Super Team 17"" Backpack with Lunch Bag 4-Piece Set",$5.00,N/A,Limited Stock
https://brickseek.com/walmart-inventory-checker/?sku=185226213,"Mainstays 28"" Metal Propane Gas Fire Pit",$79.00,$162.00,In Stock
https://brickseek.com/walmart-inventory-checker/?sku=245393938,"Natura BeyondPeat Flower and Vegetables Raised Bed Soil, 42.4 ltr",$4.96,N/A,In Stock
https://brickseek.com/walmart-inventory-checker/?sku=461781221,Way To Celebrate Harvest Sunflowers & Leaves Floral Arrangement,$2.49,N/A,Limited Stock
https://brickseek.com/walmart-inventory-checker/?sku=51404444,"Classic Family Favorite Operation Game, Board Game for Kids Ages 6 and Up",$10.00,$13.44,In Stock
https://brickseek.com/walmart-inventory-checker/?sku=981169401,Tru Grit Fitness 35LB Black Rubber Welded Metal Hex Dumbbell Weight,$47.97,N/A,In Stock
https://brickseek.com/walmart-inventory-checker/?sku=532972428,"Bower Clip On Ring Light, White",$1.00,N/A,Limited Stock
https://brickseek.com/walmart-inventory-checker/?sku=400127219,"BioSteel Hydration Mix - Sugar Free, Essential Electrolyte Sports Drink Powder - Mixed Berry - 20 Servings",$17.00,$19.98,Limited Stock
https://brickseek.com/walmart-inventory-checker/?sku=951135991,Armor All Complete Car Care Holiday Gift Pack Bucket (9 Pieces),$19.88,N/A,In Stock
https://brickseek.com/walmart-inventory-checker/?sku=39099536,"Terraria, 505 Games, PlayStation 4, 812872018294",$14.88,N/A,Limited Stock
https://brickseek.com/walmart-inventory-checker/?sku=50998213,"Clue Game, Mystery Board Game, Game for 2-6 Players, for Ages 8 and up",$5.00,$9.84,In Stock
https://brickseek.com/walmart-inventory-checker/?sku=377685851,Tenet (Blu-ray + DVD + Digital Copy),$14.96,N/A,In Stock
https://brickseek.com/walmart-inventory-checker/?sku=396205860,"Lily's Pumpkin Spice Flavor White Chocolate Style Baking Chips, 7 oz",$2.48,N/A,In Stock
https://brickseek.com/walmart-inventory-checker/?sku=341670828,"Wonder Nation Baby Boys Swaddle Wrap and Knot Cap 2 pc, Set. Baby Shower Gift, My 1st Picture, Baby photo Opp, Muslin blanket, Security blanket, Nursery blanket and Nursing cover.",$1.00,N/A,Limited Stock
https://brickseek.com/walmart-inventory-checker/?sku=968963771,"Muk Luks Women's No Show Sock, 3 Pair",$1.00,N/A,In Stock
https://brickseek.com/walmart-inventory-checker/?sku=543424285,Ryan's World Micro Mystery Figures Blind Bags,$2.50,$4.88,In Stock
https://brickseek.com/walmart-inventory-checker/?sku=877640167,"Hillshire Farm® Meat and Cheese Trio Boxed Holiday Gift Set, 29.4oz., 8 Piece",$5.00,N/A,In Stock
https://brickseek.com/walmart-inventory-checker/?sku=488458207,"Fiskars Deco Flip Sharpener - Teal Marble, 1pc, 195860-4017",$0.25,N/A,In Stock
https://brickseek.com/walmart-inventory-checker/?sku=149682849,"PHONESpa - UV-C Sanitizer with Aromatherapy and Large, 6.5” Cleaning Area for Smartphones and Household Items EPA Est. 96641-CHN-001",$2.00,$2.47,Limited Stock
https://brickseek.com/walmart-inventory-checker/?sku=603272921,"Acer Nitro QG241Y Sbmiipx 23.8"" Full HD (1920 x 1080) VA Monitor with AMD Radeon FREESYNC Technology",$149.00,N/A,In Stock
https://brickseek.com/walmart-inventory-checker/?sku=400599921,"Anker eufy 25C Wi-Fi Connected Robot Vacuum, Great for Picking up Pet Hairs, Quiet, Slim",$99.00,$149.00,In Stock
https://brickseek.com/walmart-inventory-checker/?sku=497911751,Swiss Tech Vezio 25 Ltr Charcoal Gray Unisex Laptop Backpack,$2.00,$25.00,In Stock
https://brickseek.com/walmart-inventory-checker/?sku=750600066,"L.O.L Surprise! Kids Plush Blanket, Twin/Full Size",$14.73,N/A,In Stock
https://brickseek.com/walmart-inventory-checker/?sku=16821281,"Super Tech Non-Chlorinated Brake Cleaner, 14 oz.",$1.97,N/A,In Stock
https://brickseek.com/walmart-inventory-checker/?sku=562142181,"LEGO Classic Creative Brick Box 11016; Creative Building Toy for Educational Play (1,200 Pieces)",$29.00,N/A,Limited Stock
https://brickseek.com/walmart-inventory-checker/?sku=518977383,"HP14” X360 Touch, Chromebook, Intel Celeron N4000, 4GB RAM, 64 GB eMMC, Teal, Chrome OS, 14a-ca0130wm",$179.00,N/A,In Stock
https://brickseek.com/walmart-inventory-checker/?sku=685836827,"Need for Speed Hot Pursuit Remastered, Electronic Arts, Xbox One",$19.93,$33.88,Limited Stock
